Workbook

Sheet Vagas
A1: ID | B1: Data Encontrada | C1: Empresa | D1: Cargo | E1: Local | F1: Tipo | G1: Link | H1: Score IA | I1: Motivos Match | J1: Lacunas | K1: Status Telegram | L1: Data Aprovação | M1: Currículo Gerado | N1: Mensagem Gerada | O1: Data Envio | P1: Status Processo | Q1: Observações | R1: parameters | S1: name | T1: type | U1: typeVersion | V1: Carta de Apresentação | W1: Canal Candidatura | X1: E-mail Candidatura | Y1: URL Candidatura | Z1: Instruções Candidatura

Sheet Logs
A1: timestamp | B1: execution_id | C1: event | D1: job_id | E1: details

Sheet Base_Dashboard
A1: INDICADORES PRINCIPAIS | B1: Valor | D1: FUNIL DO PROCESSO | E1: Quantidade | G1: DISTRIBUIÇÃO DE SCORE | H1: Quantidade | J1: HUMAN-IN-THE-LOOP | K1: Quantidade | M1: STATUS DO PROCESSO | N1: Quantidade | P1: EVENTOS DO WORKFLOW | Q1: Quantidade
A2: Total de vagas analisadas | B2: =COUNTIF(Vagas!A2:A1000,"<>") -> 0 | D2: Vagas analisadas | E2: =B2 -> 0 | G2: 0–49 | H2: =COUNTIFS(Vagas!H2:H1000,">=0",Vagas!H2:H1000,"<=49") -> 0 | J2: Aguardando decisão | K2: =B6 -> 0 | M2: Reprovada pela IA | N2: =COUNTIF(Vagas!P2:P1000,"Reprovada pela IA") -> 0 | P2: Total de eventos | Q2: =COUNTIF(Logs!A2:A1000,"<>") -> 0
A3: Score médio IA | B3: =IFERROR(__xludf.DUMMYFUNCTION("IFERROR(ROUND(AVERAGE(FILTER(Vagas!H2:H1000,Vagas!H2:H1000<>"""")),1),0)"),0.0) -> 0 | D3: Aprovadas pela IA | E3: =B5 -> 0 | G3: 50–69 | H3: =COUNTIFS(Vagas!H2:H1000,">=50",Vagas!H2:H1000,"<=69") -> 0 | J3: Aprovadas | K3: =B7 -> 0 | M3: Aguardando decisão humana | N3: =COUNTIF(Vagas!P2:P1000,"Aguardando decisão humana") -> 0 | P3: Rejeições IA | Q3: =COUNTIF(Logs!C2:C1000,"Reprovada pela IA") -> 0
A4: Reprovadas pela IA | B4: =COUNTIF(Vagas!P2:P1000,"Reprovada pela IA") -> 0 | D4: Encaminhadas ao humano | E4: =B5 -> 0 | G4: 70–84 | H4: =COUNTIFS(Vagas!H2:H1000,">=70",Vagas!H2:H1000,"<=84") -> 0 | J4: Rejeitadas | K4: =B8 -> 0 | M4: Aprovada - gerando materiais | N4: =COUNTIF(Vagas!P2:P1000,"Aprovada - gerando materiais") -> 0 | P4: Rejeições humanas | Q4: =COUNTIF(Logs!C2:C1000,"Rejeitada pelo humano") -> 0
A5: Aprovadas pela IA | B5: =COUNTIF(Vagas!H2:H1000,">=70") -> 0 | D5: Decisão humana realizada | E5: =B7+B8 -> 0 | G5: 85–100 | H5: =COUNTIFS(Vagas!H2:H1000,">=85",Vagas!H2:H1000,"<=100") -> 0 | M5: Rejeitada pelo humano | N5: =COUNTIF(Vagas!P2:P1000,"Rejeitada pelo humano") -> 0 | P5: Materiais gerados | Q5: =COUNTIF(Logs!C2:C1000,"Materiais gerados") -> 0
A6: Aguardando decisão humana | B6: =COUNTIF(Vagas!P2:P1000,"Aguardando decisão humana") -> 0 | D6: Aprovadas pelo humano | E6: =B7 -> 0 | M6: Materiais gerados | N6: =COUNTIF(Vagas!P2:P1000,"Materiais gerados - aguardando envio humano") -> 0
A7: Aprovadas pelo humano | B7: =COUNTIF(Vagas!K2:K1000,"Aprovada") -> 0 | D7: Currículos gerados | E7: =B10 -> 0
A8: Rejeitadas pelo humano | B8: =COUNTIF(Vagas!P2:P1000,"Rejeitada pelo humano") -> 0 | D8: Materiais completos | E8: =B9 -> 0
A9: Materiais gerados | B9: =COUNTIF(Vagas!P2:P1000,"Materiais gerados - aguardando envio humano") -> 0
A10: Currículos gerados | B10: =COUNTIF(Vagas!M2:M1000,"<>") -> 0
A11: Mensagens geradas | B11: =COUNTIF(Vagas!N2:N1000,"<>") -> 0
A12: Taxa de aprovação humana | B12: =IFERROR(B7/(B7+B8),0) -> 0

Sheet Config
A1: chave | B1: valor
A2: CANDIDATE_PROFILE | B2: DADOS PESSOAIS Nome: Cidade/UF: E-mail: Telefone: LinkedIn: GitHub: TÍTULO PROFISSIONAL BASE Desenvolvedora Front-end | Automação | Inteligência Artificial RESUMO PROFISSIONAL Profissional de tecnologia com atuação em desenvolvimento Front-end, automação de processos e Inteligência Artificial. Experiência prática na construção de soluções utilizando JavaScript, React, Drupal, n8n, integração de APIs, Google Workspace, Telegram e modelos de linguagem. Atua no desenvolvimento de workflows automatizados, agentes de IA, integrações entre sistemas e arquiteturas Human-in-the-Loop. Mestranda em Ciência da Computação com foco em Inteligência Artificial, com interesse em aplicações práticas de IA, automação e desenvolvimento de software. EXPERIÊNCIA PROFISSIONAL EMPRESA: Squadra Digital Cargo: Front-end Período: 08/2022 - Atualmente Principais atividades: • Desenvolvimento e manutenção de interfaces web utilizando HTML, CSS e JavaScript. • Desenvolvimento de soluções com Drupal. • Integração de aplicações Front-end com APIs e serviços externos. • Participação na evolução e manutenção de aplicações web. • Desenvolvimento e implementação de automações de processos. • Construção de integrações entre sistemas utilizando APIs. • Desenvolvimento de workflows utilizando n8n. • Aplicação de Inteligência Artificial Generativa em processos automatizados. Tecnologias utilizadas: • HTML • CSS • JavaScript • Drupal • React • APIs REST • n8n PROJETOS RELEVANTES PROJETO: Agente de IA para Busca e Gestão Inteligente de Candidaturas Descrição: Sistema agentic desenvolvido para automatizar a busca, análise e gestão de oportunidades profissionais. Principais funcionalidades: • Coleta automatizada de vagas a partir de fontes externas. • Normalização e deduplicação de oportunidades. • Avaliação de aderência entre perfil profissional e vaga utilizando LLM. • Geração de score de compatibilidade. • Arquitetura Human-in-the-Loop com aprovação humana via Telegram. • Persistência do estado das candidaturas em Google Sheets. • Geração de currículos personalizados em Google Docs. • Criação de mensagens de candidatura. • Tratamento de erros e possibilidade de reprocessamento. Tecnologias: • n8n • LLMs • OpenAI • Google Sheets • Google Docs • Google Drive • Telegram Bot API • RSS • APIs HTTP • JavaScript PROJETO: QuestIA Descrição: Um sistema de tutoria conversacional automatizado desenvolvido para apoiar e preparar estudantes para o exame do ENEM, integrando fluxos automatizados e inteligência artificial para interação direta com os usuários. Principais funcionalidades: • Interação com os estudantes e tutoria automatizada através do Telegram. • Automação de fluxos de conversação e gerenciamento de interações (via n8n). • Geração de respostas e processamento de linguagem natural utilizando modelos de IA locais (via Ollama). • Armazenamento estruturado de dados e visualização de métricas/desempenho (usando PostgreSQL e Metabase). Tecnologias: • Telegram • n8n • PostreSQL • Ollama PROJETO: Automação e Classificação Contábil Inteligente em Cascata (Financial Data Pipeline) Descrição: Pipeline automatizado desenvolvido no n8n para reconciliação, enriquecimento e classificação contábil a partir de extratos e lançamentos de despesas corporativas e cartões de crédito. A arquitetura emprega um modelo de decisão em camadas ("cascata"): primeiro resolve despesas recorrentes e regras determinísticas via JavaScript e cruzamento histórico (RAG tabular/local), direcionando apenas itens inéditos e de alta ambiguidade para agentes inteligentes de IA, minimizando o custo com tokens e prevenindo alucinações. Principais funcionalidades: • Filtro Determinístico e Anti-Salário: Bloqueio e descarte automático de lançamentos sensíveis ou irrelevantes • Enriquecimento Cruzado de Dados : Cruzamento e normalização dinâmica de chaves de documentos para preenchimento de histórico e observações detalhadas. • RAG Local / Busca Histórica Exata: Consulta em lote (Get Many) na base de referência anual para atribuição automática e a custo zero de transações já conhecidas. • Motor de Regras Contábeis em JavaScript: Conversão padronizada de competências (MM/AAAA) e resolução imediata de fornecedores PJ recorrentes e departamentos. • Roteamento Condicional e Classificação com IA Especializada: Filtro inteligente que desvia casos não resolvidos para agentes de IA dedicados à classificação contextual, devolvendo os dados higienizados para atualização em lote na planilha. Tecnologias: • n8n • JavaScript • Google Sheets API v4 • LLMs / Agentes de IA com Engenharia de Prompts (Few-shot prompting e classificação estruturada em JSON) DESENVOLVIMENTO FRONT-END • HTML • CSS • JavaScript • Drupal • React em nível básico/intermediário • Desenvolvimento de interfaces web • Integração de aplicações Front-end com APIs • Desenvolvimento Web INTELIGÊNCIA ARTIFICIAL • Inteligência Artificial Generativa • Uso de LLMs em automações • Desenvolvimento de agentes de IA • Prompt engineering • Integração de modelos de linguagem com sistemas externos • Arquiteturas Human-in-the-Loop • Aplicação de IA para análise, classificação e geração de conteúdo AUTOMAÇÃO E INTEGRAÇÃO • n8n • Criação de workflows automatizados • Integração de APIs • Webhooks • Processamento e transformação de dados • Integração entre sistemas • Automação de processos • Tratamento de erros • Retry • Rate limiting • Deduplicação • Persistência de estado • Processamento de callbacks assíncronos GOOGLE WORKSPACE E MENSAGERIA • Google Sheets • Google Docs • Google Drive • Telegram Bot API COMPETÊNCIAS TÉCNICAS • HTML • CSS • JavaScript • React • Drupal • n8n • APIs REST • Webhooks • JSON • LLMs • Inteligência Artificial Generativa • Google Workspace • Telegram Bot API • Automação de processos • Integração de sistemas FORMAÇÃO ACADÊMICA Curso: Mestrado em Ciência da Computação Área de concentração: Inteligência Artificial Instituição: Universidade Federal de Sergipe Período: 2025 - Atualmente Curso: Analise e Desenvolvimento de Sistemas Instituição: Estácio de Sá Período: 08/2022 - 04/2025 IDIOMAS • Português: Nativo • Inglês: A2 ÁREAS DE INTERESSE • Desenvolvimento Front-end • Desenvolvimento Web • Inteligência Artificial • IA Generativa • Agentes de IA • Automação • Integração de sistemas • Engenharia de automação • Análise de sistemas • Aplicações baseadas em LLMs REGRAS DE USO DO PERFIL Todas as informações acima representam a fonte factual do candidato. Os agentes podem: • reorganizar informações; • priorizar experiências; • destacar competências relacionadas a uma vaga; • condensar textos; • adaptar o título profissional e o resumo. Os agentes não podem: • inventar empresas; • inventar cargos; • inventar períodos; • inventar experiências; • inventar resultados; • inventar certificações; • inventar tecnologias; • aumentar níveis de conhecimento declarados; • afirmar experiência não presente neste perfil.

Sheet Dashboard
B1: AGENTE DE IA PARA BUSCA E GESTÃO INTELIGENTE DE CANDIDATURAS
B3: Human-in-the-Loop • n8n • LLMs • Telegram • Google Workspace
B5: VAGAS ANALISADAS | E5: SCORE MÉDIO IA | H5: APROVADAS PELO HUMANO | K5: MATERIAIS GERADOS
B6: =Base_Dashboard!B2 -> 0 | E6: =Base_Dashboard!B3 -> 0 | H6: =Base_Dashboard!B7 -> 0 | K6: =Base_Dashboard!B9 -> 0
